person,block,condition,trial,attempt,id,found,score,item_class,x,y,rt
25,prac2_conj,conj_grid,0,1,24,1,0,targ_class1,-101.0,-8.0,1.8
25,prac2_conj,conj_grid,0,1,31,2,0,targ_class1,-98.0,138.0,2.49
25,prac2_conj,conj_grid,0,1,36,3,0,targ_class1,-335.0,179.0,3.17
25,prac2_conj,conj_grid,0,1,44,4,0,targ_class1,-213.0,318.0,3.8
25,prac2_conj,conj_grid,0,1,49,5,0,targ_class1,342.0,357.0,4.58
25,prac2_conj,conj_grid,0,1,40,6,0,targ_class1,106.0,239.0,5.2
25,prac2_conj,conj_grid,0,1,28,7,0,targ_class1,335.0,33.0,5.78
25,prac2_conj,conj_grid,0,1,20,8,0,targ_class1,217.0,-98.0,6.35
25,prac2_conj,conj_grid,0,1,21,9,0,targ_class1,312.0,-96.0,6.75
25,prac2_conj,conj_grid,0,1,2,10,0,targ_class1,-200.0,-292.0,8.55
25,prac2_conj,conj_grid,0,1,4,11,0,targ_class1,-2.0,-331.0,9.17
25,prac2_conj,conj_grid,0,1,1,12,0,targ_class2,-325.0,-306.0,9.86
25,prac2_conj,conj_grid,0,1,10,13,0,targ_class2,-92.0,-202.0,10.5
25,prac2_conj,conj_grid,0,1,9,14,0,targ_class2,-215.0,-218.0,11.03
25,prac2_conj,conj_grid,0,1,16,15,0,targ_class2,-226.0,-107.0,11.48
25,prac2_conj,conj_grid,0,1,18,16,0,targ_class2,5.0,-131.0,12.11
25,prac2_conj,conj_grid,0,1,5,17,0,targ_class2,140.0,-318.0,12.63
25,prac2_conj,conj_grid,0,1,27,18,0,targ_class2,211.0,8.0,13.77
25,prac2_conj,conj_grid,0,1,6,19,0,targ_class2,204.0,-326.0,14.33
25,prac2_conj,conj_grid,0,1,41,20,0,targ_class2,225.0,223.0,15.61
25,prac2_conj,conj_grid,0,1,46,21,0,targ_class2,-13.0,270.0,17.6
25,prac2_conj,conj_grid,0,1,43,22,0,targ_class2,-323.0,315.0,18.43
25,prac2_conj,conj_grid,0,1,29,23,0,targ_class2,-313.0,127.0,19.23
25,prac2_conj,conj_grid,0,1,30,24,0,targ_class1,-236.0,102.0,22.05
25,prac2_conj,conj_grid,1,1,38,1,0,targ_class1,-115.0,199.0,1.55
25,prac2_conj,conj_grid,1,1,37,2,0,targ_class1,-203.0,206.0,2.05
25,prac2_conj,conj_grid,1,1,39,3,0,targ_class1,-10.0,196.0,2.57
25,prac2_conj,conj_grid,1,1,48,4,0,targ_class1,238.0,324.0,3.2
25,prac2_conj,conj_grid,1,1,34,5,0,targ_class1,225.0,109.0,3.75
25,prac2_conj,conj_grid,1,1,27,6,0,targ_class1,199.0,18.0,4.3
25,prac2_conj,conj_grid,1,1,20,7,0,targ_class1,194.0,-126.0,4.8
25,prac2_conj,conj_grid,1,1,24,8,0,targ_class1,-109.0,-16.0,5.98
25,prac2_conj,conj_grid,1,1,18,9,0,targ_class1,-23.0,-114.0,6.9
25,prac2_conj,conj_grid,1,1,14,10,0,targ_class1,304.0,-214.0,7.77
25,prac2_conj,conj_grid,1,1,7,11,0,targ_class2,311.0,-326.0,8.41
25,prac2_conj,conj_grid,1,1,6,12,0,targ_class2,233.0,-300.0,8.88
25,prac2_conj,conj_grid,1,1,12,13,0,targ_class2,64.0,-230.0,9.65
25,prac2_conj,conj_grid,1,1,10,14,0,targ_class2,-121.0,-203.0,10.68
25,prac2_conj,conj_grid,1,1,17,15,0,targ_class2,-112.0,-148.0,10.97
25,prac2_conj,conj_grid,1,1,3,16,0,targ_class1,-121.0,-266.0,11.38
25,prac2_conj,conj_grid,1,1,9,17,0,targ_class2,-238.0,-253.0,12.1
25,prac2_conj,conj_grid,1,1,16,18,0,targ_class1,-211.0,-90.0,12.77
25,prac2_conj,conj_grid,1,1,44,19,0,targ_class2,-248.0,310.0,13.97
25,prac2_conj,conj_grid,1,1,46,20,0,targ_class2,19.0,320.0,14.5
25,prac2_conj,conj_grid,1,1,30,21,0,targ_class2,-192.0,133.0,15.2
25,prac2_conj,conj_grid,1,1,28,22,0,targ_class2,341.0,-11.0,15.78
25,prac2_conj,conj_grid,1,1,21,23,0,targ_class2,318.0,-90.0,16.2
25,prac2_conj,conj_grid,1,1,42,24,0,targ_class2,298.0,196.0,19.7
25,conjunction_blocks,conj_rot,3,1,33,1,0,targ_class1,8.0,135.0,1.82
25,conjunction_blocks,conj_rot,3,1,35,2,0,targ_class1,154.0,283.0,2.35
25,conjunction_blocks,conj_rot,3,1,34,3,0,targ_class1,117.0,223.0,2.67
25,conjunction_blocks,conj_rot,3,1,49,4,0,targ_class1,10.0,433.0,3.1
25,conjunction_blocks,conj_rot,3,1,21,5,0,targ_class1,305.0,139.0,3.85
25,conjunction_blocks,conj_rot,3,1,16,6,0,targ_class1,-72.0,-226.0,4.88
25,conjunction_blocks,conj_rot,3,1,1,7,0,targ_class1,19.0,-459.0,5.51
25,conjunction_blocks,conj_rot,3,1,30,8,0,targ_class1,-231.0,-81.0,6.22
25,conjunction_blocks,conj_rot,3,1,36,9,0,targ_class1,-383.0,-60.0,6.74
25,conjunction_blocks,conj_rot,3,1,31,10,0,targ_class1,-143.0,29.0,7.2
25,conjunction_blocks,conj_rot,3,1,44,11,0,targ_class1,-374.0,60.0,7.84
25,conjunction_blocks,conj_rot,3,1,40,12,0,targ_class2,-74.0,238.0,8.55
25,conjunction_blocks,conj_rot,3,1,48,13,0,targ_class2,-53.0,414.0,9.42
25,conjunction_blocks,conj_rot,3,1,7,14,0,targ_class2,434.0,15.0,10.18
25,conjunction_blocks,conj_rot,3,1,6,15,0,targ_class2,435.0,-87.0,10.63
25,conjunction_blocks,conj_rot,3,1,12,16,0,targ_class2,233.0,-78.0,11.1
25,conjunction_blocks,conj_rot,3,1,26,17,0,targ_class2,88.0,72.0,11.85
25,conjunction_blocks,conj_rot,3,1,19,18,0,targ_class2,136.0,-15.0,12.4
25,conjunction_blocks,conj_rot,3,1,25,19,0,targ_class2,23.0,7.0,12.82
25,conjunction_blocks,conj_rot,3,1,4,20,0,targ_class2,234.0,-254.0,13.48
25,conjunction_blocks,conj_rot,3,1,3,21,0,targ_class2,145.0,-294.0,13.87
25,conjunction_blocks,conj_rot,3,1,15,22,0,targ_class2,-165.0,-278.0,14.55
25,conjunction_blocks,conj_rot,3,1,29,23,0,targ_class2,-279.0,-152.0,15.18
25,conjunction_blocks,conj_rot,3,1,45,24,0,targ_class1,-302.0,164.0,16.63
25,conjunction_blocks,conj_grid,5,1,38,1,0,targ_class1,-110.0,219.0,1.44
25,conjunction_blocks,conj_grid,5,1,31,2,0,targ_class1,-90.0,118.0,2.02
25,conjunction_blocks,conj_grid,5,1,24,3,0,targ_class1,-114.0,31.0,2.35
25,conjunction_blocks,conj_grid,5,1,32,4,0,targ_class1,26.0,86.0,2.7
25,conjunction_blocks,conj_grid,5,1,33,5,0,targ_class1,131.0,132.0,3.04
25,conjunction_blocks,conj_grid,5,1,42,6,0,targ_class1,312.0,215.0,3.4
25,conjunction_blocks,conj_grid,5,1,19,7,0,targ_class1,81.0,-86.0,3.98
25,conjunction_blocks,conj_grid,5,1,13,8,0,targ_class1,197.0,-202.0,4.8
25,conjunction_blocks,conj_grid,5,1,14,9,0,targ_class1,316.0,-207.0,5.18
25,conjunction_blocks,conj_grid,5,1,5,10,0,targ_class1,114.0,-323.0,5.8
25,conjunction_blocks,conj_grid,5,1,2,11,0,targ_class1,-174.0,-306.0,6.35
25,conjunction_blocks,conj_grid,5,1,17,12,0,targ_class1,-99.0,-100.0,6.75
25,conjunction_blocks,conj_grid,5,1,8,13,0,targ_class2,-341.0,-206.0,7.38
25,conjunction_blocks,conj_grid,5,1,9,14,0,targ_class2,-212.0,-216.0,7.73
25,conjunction_blocks,conj_grid,5,1,1,15,0,targ_class2,-304.0,-322.0,8.23
25,conjunction_blocks,conj_grid,5,1,36,16,0,targ_class2,-317.0,220.0,9.62
25,conjunction_blocks,conj_grid,5,1,43,17,0,targ_class2,-337.0,330.0,10.05
25,conjunction_blocks,conj_grid,5,1,22,18,0,targ_class2,-344.0,1.0,10.75
25,conjunction_blocks,conj_grid,5,1,21,19,0,targ_class2,323.0,-100.0,11.68
25,conjunction_blocks,conj_grid,5,1,35,20,0,targ_class2,320.0,110.0,12.52
25,conjunction_blocks,conj_grid,5,1,34,21,0,targ_class2,228.0,95.0,13.47
25,conjunction_blocks,conj_grid,5,1,49,22,0,targ_class2,306.0,338.0,14.17
25,conjunction_blocks,conj_grid,5,1,48,23,0,targ_class2,166.0,342.0,14.75
25,conjunction_blocks,conj_grid,5,1,25,24,0,targ_class2,19.0,14.0,15.8
25,conjunction_blocks,conj_rot,1,1,30,1,0,targ_class1,-229.0,-101.0,1.28
25,conjunction_blocks,conj_rot,1,1,10,2,0,targ_class1,85.0,-210.0,1.92
25,conjunction_blocks,conj_rot,1,1,23,3,0,targ_class1,-159.0,-144.0,2.5
25,conjunction_blocks,conj_rot,1,1,12,4,0,targ_class1,234.0,-74.0,3.15
25,conjunction_blocks,conj_rot,1,1,13,5,0,targ_class1,292.0,-7.0,3.9
25,conjunction_blocks,conj_rot,1,1,14,6,0,targ_class1,385.0,74.0,4.38
25,conjunction_blocks,conj_rot,1,1,21,7,0,targ_class1,316.0,157.0,4.94
25,conjunction_blocks,conj_rot,1,1,34,8,0,targ_class1,85.0,269.0,5.75
25,conjunction_blocks,conj_rot,1,1,35,9,0,targ_class1,174.0,320.0,6.22
25,conjunction_blocks,conj_rot,1,1,42,10,0,targ_class1,60.0,386.0,6.94
25,conjunction_blocks,conj_rot,1,1,46,11,0,targ_class1,-229.0,241.0,7.57
25,conjunction_blocks,conj_rot,1,1,40,12,0,targ_class2,-85.0,216.0,9.1
25,conjunction_blocks,conj_rot,1,1,38,13,0,targ_class2,-249.0,73.0,10.1
25,conjunction_blocks,conj_rot,1,1,39,14,0,targ_class2,-126.0,157.0,10.55
25,conjunction_blocks,conj_rot,1,1,44,15,0,targ_class2,-360.0,81.0,11.03
25,conjunction_blocks,conj_rot,1,1,43,16,0,targ_class1,-436.0,4.0,11.42
25,conjunction_blocks,conj_rot,1,1,22,17,0,targ_class2,-218.0,-246.0,12.22
25,conjunction_blocks,conj_rot,1,1,9,18,0,targ_class2,19.0,-304.0,12.93
25,conjunction_blocks,conj_rot,1,1,6,19,0,targ_class2,361.0,-108.0,13.58
25,conjunction_blocks,conj_rot,1,1,3,20,0,targ_class2,187.0,-313.0,14.15
25,conjunction_blocks,conj_rot,1,1,11,21,0,targ_class2,156.0,-145.0,14.73
25,conjunction_blocks,conj_rot,1,1,25,22,0,targ_class2,5.0,-24.0,15.43
25,conjunction_blocks,conj_rot,1,1,26,23,0,targ_class2,90.0,72.0,16.58
25,conjunction_blocks,conj_rot,1,1,19,24,0,targ_class2,188.0,1.0,17.01
25,conjunction_blocks,conj_rot,0,1,30,1,0,targ_class1,-244.0,-80.0,1.04
25,conjunction_blocks,conj_rot,0,1,29,2,0,targ_class1,-325.0,-169.0,1.54
25,conjunction_blocks,conj_rot,0,1,22,3,0,targ_class1,-234.0,-259.0,2.22
25,conjunction_blocks,conj_rot,0,1,8,4,0,targ_class1,-71.0,-382.0,2.95
25,conjunction_blocks,conj_rot,0,1,1,5,0,targ_class1,-4.0,-463.0,3.4
25,conjunction_blocks,conj_rot,0,1,10,6,0,targ_class1,94.0,-247.0,3.92
25,conjunction_blocks,conj_rot,0,1,3,7,0,targ_class1,138.0,-293.0,4.27
25,conjunction_blocks,conj_rot,0,1,11,8,0,targ_class1,159.0,-156.0,4.82
25,conjunction_blocks,conj_rot,0,1,12,9,0,targ_class1,224.0,-68.0,5.15
25,conjunction_blocks,conj_rot,0,1,6,10,0,targ_class1,355.0,-68.0,5.83
25,conjunction_blocks,conj_rot,0,1,21,11,0,targ_class2,302.0,144.0,6.93
25,conjunction_blocks,conj_rot,0,1,14,12,0,targ_class2,402.0,66.0,7.57
25,conjunction_blocks,conj_rot,0,1,28,13,0,targ_class1,237.0,229.0,8.13
25,conjunction_blocks,conj_rot,0,1,34,14,0,targ_class2,67.0,235.0,9.15
25,conjunction_blocks,conj_rot,0,1,27,15,0,targ_class2,187.0,168.0,9.93
25,conjunction_blocks,conj_rot,0,1,33,16,0,targ_class2,16.0,169.0,10.4
25,conjunction_blocks,conj_rot,0,1,32,17,0,targ_class1,-59.0,124.0,10.95
25,conjunction_blocks,conj_rot,0,1,38,18,0,targ_class2,-209.0,80.0,11.59
25,conjunction_blocks,conj_rot,0,1,31,19,0,targ_class2,-140.0,3.0,12.07
25,conjunction_blocks,conj_rot,0,1,44,20,0,targ_class2,-391.0,44.0,12.79
25,conjunction_blocks,conj_rot,0,1,36,21,0,targ_class2,-363.0,-97.0,13.42
25,conjunction_blocks,conj_rot,0,1,46,22,0,targ_class2,-245.0,218.0,14.22
25,conjunction_blocks,conj_rot,0,1,24,23,0,targ_class2,-77.0,-86.0,15.02
25,conjunction_blocks,conj_rot,0,1,16,24,0,targ_class2,-64.0,-225.0,15.9
25,conjunction_blocks,conj_grid,2,1,37,1,0,targ_class1,-245.0,224.0,0.99
25,conjunction_blocks,conj_grid,2,1,16,2,0,targ_class1,-230.0,-114.0,1.79
25,conjunction_blocks,conj_grid,2,1,8,3,0,targ_class1,-330.0,-226.0,2.2
25,conjunction_blocks,conj_grid,2,1,1,4,0,targ_class2,-325.0,-302.0,3.02
25,conjunction_blocks,conj_grid,2,1,15,5,0,targ_class2,-322.0,-108.0,3.6
25,conjunction_blocks,conj_grid,2,1,22,6,0,targ_class2,-292.0,-14.0,4.0
25,conjunction_blocks,conj_grid,2,1,30,7,0,targ_class2,-236.0,70.0,4.53
25,conjunction_blocks,conj_grid,2,1,24,8,0,targ_class2,-93.0,24.0,5.23
25,conjunction_blocks,conj_grid,2,1,17,9,0,targ_class1,-115.0,-121.0,6.82
25,conjunction_blocks,conj_grid,2,1,2,10,0,targ_class2,-208.0,-340.0,7.48
25,conjunction_blocks,conj_grid,2,1,5,11,0,targ_class1,118.0,-303.0,8.25
25,conjunction_blocks,conj_grid,2,1,18,12,0,targ_class1,27.0,-113.0,8.88
25,conjunction_blocks,conj_grid,2,1,27,13,0,targ_class2,219.0,-34.0,10.45
25,conjunction_blocks,conj_grid,2,1,20,14,0,targ_class1,218.0,-112.0,10.82
25,conjunction_blocks,conj_grid,2,1,21,15,0,targ_class1,330.0,-86.0,11.18
25,conjunction_blocks,conj_grid,2,1,28,16,0,targ_class2,335.0,-5.0,12.23
25,conjunction_blocks,conj_grid,2,1,35,17,0,targ_class2,314.0,118.0,12.67
25,conjunction_blocks,conj_grid,2,1,42,18,0,targ_class1,305.0,223.0,13.05
25,conjunction_blocks,conj_grid,2,1,49,19,0,targ_class1,332.0,302.0,13.62
25,conjunction_blocks,conj_grid,2,1,40,20,0,targ_class2,81.0,212.0,14.27
25,conjunction_blocks,conj_grid,2,1,39,21,0,targ_class2,21.0,204.0,14.63
25,conjunction_blocks,conj_grid,2,1,47,22,0,targ_class1,131.0,325.0,15.07
25,conjunction_blocks,conj_grid,2,1,46,23,0,targ_class2,25.0,330.0,16.62
25,conjunction_blocks,conj_grid,2,1,4,24,0,targ_class1,-15.0,-347.0,19.83
25,conjunction_blocks,conj_rot,2,1,9,1,0,targ_class1,-13.0,-297.0,1.18
25,conjunction_blocks,conj_rot,2,1,11,2,0,targ_class1,179.0,-160.0,1.65
25,conjunction_blocks,conj_rot,2,1,4,3,0,targ_class1,259.0,-194.0,2.0
25,conjunction_blocks,conj_rot,2,1,5,4,0,targ_class1,307.0,-163.0,2.32
25,conjunction_blocks,conj_rot,2,1,12,5,0,targ_class1,224.0,-91.0,2.77
25,conjunction_blocks,conj_rot,2,1,28,6,0,targ_class1,224.0,216.0,3.33
25,conjunction_blocks,conj_rot,2,1,34,7,0,targ_class1,86.0,224.0,3.88
25,conjunction_blocks,conj_rot,2,1,33,8,0,targ_class1,-31.0,182.0,4.25
25,conjunction_blocks,conj_rot,2,1,48,9,0,targ_class1,-80.0,389.0,4.7
25,conjunction_blocks,conj_rot,2,1,46,10,0,targ_class1,-227.0,234.0,5.59
25,conjunction_blocks,conj_rot,2,1,36,11,0,targ_class1,-398.0,-76.0,6.35
25,conjunction_blocks,conj_rot,2,1,30,12,0,targ_class1,-251.0,-87.0,7.0
25,conjunction_blocks,conj_rot,2,1,37,13,0,targ_class2,-311.0,21.0,8.22
25,conjunction_blocks,conj_rot,2,1,43,14,0,targ_class2,-458.0,-34.0,8.82
25,conjunction_blocks,conj_rot,2,1,15,15,0,targ_class2,-148.0,-261.0,9.65
25,conjunction_blocks,conj_rot,2,1,23,16,0,targ_class2,-162.0,-160.0,10.02
25,conjunction_blocks,conj_rot,2,1,1,17,0,targ_class2,-25.0,-464.0,10.75
25,conjunction_blocks,conj_rot,2,1,8,18,0,targ_class2,-79.0,-393.0,11.13
25,conjunction_blocks,conj_rot,2,1,27,19,0,targ_class2,152.0,174.0,12.3
25,conjunction_blocks,conj_rot,2,1,26,20,0,targ_class2,92.0,91.0,12.67
25,conjunction_blocks,conj_rot,2,1,35,21,0,targ_class2,169.0,311.0,13.25
25,conjunction_blocks,conj_rot,2,1,41,22,0,targ_class2,-1.0,320.0,13.78
25,conjunction_blocks,conj_rot,2,1,40,23,0,targ_class2,-92.0,236.0,14.22
25,conjunction_blocks,conj_rot,2,1,39,24,0,targ_class2,-143.0,164.0,15.03
25,conjunction_blocks,conj_grid,3,1,36,1,0,targ_class1,-342.0,227.0,1.27
25,conjunction_blocks,conj_grid,3,1,44,2,0,targ_class1,-225.0,313.0,1.72
25,conjunction_blocks,conj_grid,3,1,27,3,0,targ_class1,221.0,14.0,2.67
25,conjunction_blocks,conj_grid,3,1,42,4,0,targ_class1,307.0,217.0,3.35
25,conjunction_blocks,conj_grid,3,1,20,5,0,targ_class1,202.0,-104.0,3.9
25,conjunction_blocks,conj_grid,3,1,14,6,0,targ_class1,324.0,-198.0,4.77
25,conjunction_blocks,conj_grid,3,1,13,7,0,targ_class1,223.0,-223.0,5.17
25,conjunction_blocks,conj_grid,3,1,6,8,0,targ_class1,205.0,-339.0,5.61
25,conjunction_blocks,conj_grid,3,1,4,9,0,targ_class1,-12.0,-353.0,6.25
25,conjunction_blocks,conj_grid,3,1,3,10,0,targ_class1,-90.0,-333.0,6.65
25,conjunction_blocks,conj_grid,3,1,2,11,0,targ_class1,-209.0,-337.0,7.18
25,conjunction_blocks,conj_grid,3,1,1,12,0,targ_class1,-337.0,-313.0,8.35
25,conjunction_blocks,conj_grid,3,1,8,13,0,targ_class2,-301.0,-221.0,8.75
25,conjunction_blocks,conj_grid,3,1,15,14,0,targ_class2,-302.0,-85.0,9.25
25,conjunction_blocks,conj_grid,3,1,23,15,0,targ_class2,-234.0,-24.0,9.73
25,conjunction_blocks,conj_grid,3,1,29,16,0,targ_class2,-334.0,124.0,10.38
25,conjunction_blocks,conj_grid,3,1,43,17,0,targ_class2,-304.0,315.0,11.08
25,conjunction_blocks,conj_grid,3,1,37,18,0,targ_class2,-200.0,208.0,11.72
25,conjunction_blocks,conj_grid,3,1,24,19,0,targ_class2,-109.0,-12.0,12.25
25,conjunction_blocks,conj_grid,3,1,46,20,0,targ_class2,16.0,314.0,13.02
25,conjunction_blocks,conj_grid,3,1,41,21,0,targ_class2,231.0,221.0,13.62
25,conjunction_blocks,conj_grid,3,1,40,22,0,targ_class2,113.0,174.0,14.12
25,conjunction_blocks,conj_grid,3,1,19,23,0,targ_class2,93.0,-86.0,14.75
25,conjunction_blocks,conj_grid,3,1,12,24,0,targ_class2,106.0,-230.0,15.75
25,conjunction_blocks,conj_grid,0,1,38,1,0,targ_class1,-108.0,206.0,0.89
25,conjunction_blocks,conj_grid,0,1,46,2,0,targ_class1,-23.0,326.0,1.4
25,conjunction_blocks,conj_grid,0,1,48,3,0,targ_class1,226.0,344.0,2.02
25,conjunction_blocks,conj_grid,0,1,28,4,0,targ_class1,318.0,25.0,2.6
25,conjunction_blocks,conj_grid,0,1,27,5,0,targ_class1,223.0,-0.0,3.1
25,conjunction_blocks,conj_grid,0,1,20,6,0,targ_class1,229.0,-140.0,3.77
25,conjunction_blocks,conj_grid,0,1,19,7,0,targ_class1,142.0,-114.0,4.25
25,conjunction_blocks,conj_grid,0,1,18,8,0,targ_class1,-31.0,-107.0,4.82
25,conjunction_blocks,conj_grid,0,1,25,9,0,targ_class1,-13.0,-0.0,5.37
25,conjunction_blocks,conj_grid,0,1,32,10,0,targ_class1,-18.0,83.0,5.82
25,conjunction_blocks,conj_grid,0,1,22,11,0,targ_class1,-323.0,2.0,6.42
25,conjunction_blocks,conj_grid,0,1,4,12,0,targ_class1,-24.0,-319.0,7.25
25,conjunction_blocks,conj_grid,0,1,1,13,0,targ_class2,-322.0,-332.0,7.98
25,conjunction_blocks,conj_grid,0,1,15,14,0,targ_class2,-315.0,-139.0,8.58
25,conjunction_blocks,conj_grid,0,1,23,15,0,targ_class2,-198.0,39.0,9.27
25,conjunction_blocks,conj_grid,0,1,31,16,0,targ_class2,-136.0,78.0,9.52
25,conjunction_blocks,conj_grid,0,1,29,17,0,targ_class2,-312.0,112.0,10.03
25,conjunction_blocks,conj_grid,0,1,45,18,0,targ_class2,-103.0,321.0,10.6
25,conjunction_blocks,conj_grid,0,1,33,19,0,targ_class2,123.0,136.0,11.27
25,conjunction_blocks,conj_grid,0,1,26,20,0,targ_class2,125.0,6.0,11.8
25,conjunction_blocks,conj_grid,0,1,41,21,0,targ_class2,203.0,226.0,12.22
25,conjunction_blocks,conj_grid,0,1,21,22,0,targ_class2,320.0,-76.0,13.2
25,conjunction_blocks,conj_grid,0,1,12,23,0,targ_class2,140.0,-209.0,13.78
25,conjunction_blocks,conj_grid,0,1,6,24,0,targ_class2,216.0,-332.0,14.32
25,conjunction_blocks,conj_grid,1,1,38,1,0,targ_class1,-128.0,183.0,0.95
25,conjunction_blocks,conj_grid,1,1,31,2,0,targ_class1,-107.0,110.0,1.47
25,conjunction_blocks,conj_grid,1,1,30,3,0,targ_class1,-254.0,144.0,1.95
25,conjunction_blocks,conj_grid,1,1,29,4,0,targ_class1,-317.0,95.0,2.34
25,conjunction_blocks,conj_grid,1,1,44,5,0,targ_class1,-217.0,306.0,3.01
25,conjunction_blocks,conj_grid,1,1,24,6,0,targ_class1,-80.0,-33.0,3.67
25,conjunction_blocks,conj_grid,1,1,47,7,0,targ_class1,118.0,322.0,4.27
25,conjunction_blocks,conj_grid,1,1,41,8,0,targ_class1,266.0,217.0,5.05
25,conjunction_blocks,conj_grid,1,1,42,9,0,targ_class1,328.0,229.0,5.52
25,conjunction_blocks,conj_grid,1,1,12,10,0,targ_class1,125.0,-225.0,6.47
25,conjunction_blocks,conj_grid,1,1,10,11,0,targ_class1,-123.0,-223.0,7.02
25,conjunction_blocks,conj_grid,1,1,15,12,0,targ_class1,-291.0,-132.0,7.65
25,conjunction_blocks,conj_grid,1,1,17,13,0,targ_class2,-104.0,-113.0,8.48
25,conjunction_blocks,conj_grid,1,1,23,14,0,targ_class2,-210.0,22.0,9.65
25,conjunction_blocks,conj_grid,1,1,9,15,0,targ_class2,-209.0,-220.0,10.25
25,conjunction_blocks,conj_grid,1,1,36,16,0,targ_class2,-334.0,237.0,11.2
25,conjunction_blocks,conj_grid,1,1,43,17,0,targ_class2,-338.0,320.0,11.57
25,conjunction_blocks,conj_grid,1,1,45,18,0,targ_class2,-110.0,308.0,13.62
25,conjunction_blocks,conj_grid,1,1,48,19,0,targ_class2,192.0,324.0,14.49
25,conjunction_blocks,conj_grid,1,1,27,20,0,targ_class2,200.0,15.0,15.33
25,conjunction_blocks,conj_grid,1,1,34,21,0,targ_class2,182.0,127.0,15.79
25,conjunction_blocks,conj_grid,1,1,26,22,0,targ_class2,89.0,-6.0,16.47
25,conjunction_blocks,conj_grid,1,1,28,23,0,targ_class2,326.0,-6.0,17.23
25,conjunction_blocks,conj_grid,1,1,14,24,0,targ_class2,359.0,-193.0,17.9
25,conjunction_blocks,conj_rot,4,1,39,1,0,targ_class1,-145.0,166.0,0.94
25,conjunction_blocks,conj_rot,4,1,41,2,0,targ_class1,-2.0,315.0,1.5
25,conjunction_blocks,conj_rot,4,1,49,3,0,targ_class1,6.0,512.0,2.09
25,conjunction_blocks,conj_rot,4,1,35,4,0,targ_class1,165.0,266.0,2.75
25,conjunction_blocks,conj_rot,4,1,34,5,0,targ_class1,78.0,213.0,3.18
25,conjunction_blocks,conj_rot,4,1,20,6,0,targ_class1,215.0,89.0,3.68
25,conjunction_blocks,conj_rot,4,1,19,7,0,targ_class1,143.0,9.0,4.1
25,conjunction_blocks,conj_rot,4,1,26,8,0,targ_class1,53.0,54.0,4.65
25,conjunction_blocks,conj_rot,4,1,5,9,0,targ_class1,296.0,-150.0,5.27
25,conjunction_blocks,conj_rot,4,1,10,10,0,targ_class1,118.0,-250.0,5.78
25,conjunction_blocks,conj_rot,4,1,15,11,0,targ_class1,-170.0,-299.0,6.4
25,conjunction_blocks,conj_rot,4,1,43,12,0,targ_class1,-461.0,8.0,7.09
25,conjunction_blocks,conj_rot,4,1,38,13,0,targ_class2,-255.0,90.0,7.93
25,conjunction_blocks,conj_rot,4,1,47,14,0,targ_class2,-165.0,272.0,8.37
25,conjunction_blocks,conj_rot,4,1,27,15,0,targ_class2,98.0,141.0,9.5
25,conjunction_blocks,conj_rot,4,1,14,16,0,targ_class2,363.0,52.0,10.08
25,conjunction_blocks,conj_rot,4,1,12,17,0,targ_class2,201.0,-86.0,10.86
25,conjunction_blocks,conj_rot,4,1,4,18,0,targ_class2,188.0,-247.0,11.58
25,conjunction_blocks,conj_rot,4,1,2,19,0,targ_class2,87.0,-390.0,12.28
25,conjunction_blocks,conj_rot,4,1,1,20,0,targ_class2,22.0,-470.0,12.91
25,conjunction_blocks,conj_rot,4,1,8,21,0,targ_class2,-78.0,-367.0,13.3
25,conjunction_blocks,conj_rot,4,1,9,22,0,targ_class2,-11.0,-318.0,13.88
25,conjunction_blocks,conj_rot,4,1,17,23,0,targ_class2,-2.0,-175.0,14.45
25,conjunction_blocks,conj_rot,4,1,22,24,0,targ_class2,-227.0,-232.0,15.41
25,conjunction_blocks,conj_grid,4,1,30,1,0,targ_class1,-242.0,131.0,1.0
25,conjunction_blocks,conj_grid,4,1,22,2,0,targ_class1,-314.0,16.0,1.4
25,conjunction_blocks,conj_grid,4,1,43,3,0,targ_class1,-294.0,323.0,2.07
25,conjunction_blocks,conj_grid,4,1,24,4,0,targ_class1,-101.0,-5.0,3.23
25,conjunction_blocks,conj_grid,4,1,16,5,0,targ_class1,-235.0,-121.0,3.83
25,conjunction_blocks,conj_grid,4,1,9,6,0,targ_class2,-206.0,-209.0,4.25
25,conjunction_blocks,conj_grid,4,1,23,7,0,targ_class2,-237.0,8.0,4.85
25,conjunction_blocks,conj_grid,4,1,31,8,0,targ_class2,-121.0,105.0,5.48
25,conjunction_blocks,conj_grid,4,1,37,9,0,targ_class2,-208.0,219.0,5.87
25,conjunction_blocks,conj_grid,4,1,38,10,0,targ_class2,-97.0,239.0,6.42
25,conjunction_blocks,conj_grid,4,1,32,11,0,targ_class1,12.0,113.0,6.92
25,conjunction_blocks,conj_grid,4,1,25,12,0,targ_class1,-5.0,17.0,7.25
25,conjunction_blocks,conj_grid,4,1,33,13,0,targ_class2,90.0,108.0,7.84
25,conjunction_blocks,conj_grid,4,1,34,14,0,targ_class2,228.0,108.0,8.57
25,conjunction_blocks,conj_grid,4,1,49,15,0,targ_class2,343.0,316.0,9.69
25,conjunction_blocks,conj_grid,4,1,19,16,0,targ_class1,85.0,-92.0,10.87
25,conjunction_blocks,conj_grid,4,1,18,17,0,targ_class1,-5.0,-112.0,11.3
25,conjunction_blocks,conj_grid,4,1,10,18,0,targ_class2,-113.0,-201.0,12.0
25,conjunction_blocks,conj_grid,4,1,3,19,0,targ_class2,-113.0,-329.0,12.48
25,conjunction_blocks,conj_grid,4,1,2,20,0,targ_class1,-213.0,-342.0,12.88
25,conjunction_blocks,conj_grid,4,1,4,21,0,targ_class2,9.0,-313.0,13.7
25,conjunction_blocks,conj_grid,4,1,12,22,0,targ_class1,89.0,-214.0,14.5
25,conjunction_blocks,conj_grid,4,1,6,23,0,targ_class1,239.0,-339.0,15.18
25,conjunction_blocks,conj_grid,4,1,13,24,0,targ_class2,237.0,-219.0,15.93
25,conjunction_blocks,conj_rot,5,1,31,1,0,targ_class1,-140.0,-0.0,0.67
25,conjunction_blocks,conj_rot,5,1,40,2,0,targ_class1,-80.0,211.0,1.34
25,conjunction_blocks,conj_rot,5,1,46,3,0,targ_class1,-242.0,236.0,1.77
25,conjunction_blocks,conj_rot,5,1,48,4,0,targ_class1,-100.0,400.0,2.27
25,conjunction_blocks,conj_rot,5,1,27,5,0,targ_class1,128.0,178.0,2.88
25,conjunction_blocks,conj_rot,5,1,19,6,0,targ_class1,134.0,-20.0,3.42
25,conjunction_blocks,conj_rot,5,1,13,7,0,targ_class1,269.0,2.0,3.85
25,conjunction_blocks,conj_rot,5,1,4,8,0,targ_class1,228.0,-252.0,4.68
25,conjunction_blocks,conj_rot,5,1,10,9,0,targ_class1,67.0,-213.0,5.17
25,conjunction_blocks,conj_rot,5,1,17,10,0,targ_class1,-27.0,-163.0,5.77
25,conjunction_blocks,conj_rot,5,1,24,11,0,targ_class1,-100.0,-77.0,6.17
25,conjunction_blocks,conj_rot,5,1,8,12,0,targ_class1,-50.0,-391.0,6.96
25,conjunction_blocks,conj_rot,5,1,1,13,0,targ_class2,-16.0,-477.0,7.85
25,conjunction_blocks,conj_rot,5,1,16,14,0,targ_class2,-79.0,-217.0,8.5
25,conjunction_blocks,conj_rot,5,1,30,15,0,targ_class2,-228.0,-83.0,9.09
25,conjunction_blocks,conj_rot,5,1,36,16,0,targ_class2,-414.0,-74.0,9.6
25,conjunction_blocks,conj_rot,5,1,43,17,0,targ_class2,-466.0,-13.0,10.02
25,conjunction_blocks,conj_rot,5,1,47,18,0,targ_class2,-145.0,297.0,11.07
25,conjunction_blocks,conj_rot,5,1,41,19,0,targ_class2,-9.0,312.0,11.5
25,conjunction_blocks,conj_rot,5,1,42,20,0,targ_class2,57.0,335.0,11.84
25,conjunction_blocks,conj_rot,5,1,25,21,0,targ_class2,14.0,7.0,12.8
25,conjunction_blocks,conj_rot,5,1,12,22,0,targ_class2,236.0,-43.0,13.43
25,conjunction_blocks,conj_rot,5,1,11,23,0,targ_class2,162.0,-165.0,13.85
25,conjunction_blocks,conj_rot,5,1,35,24,0,targ_class2,121.0,277.0,14.48
25,prac_feat,feat_grid,0,1,24,1,0,targ_class1,-99.0,-5.0,2.14
25,prac_feat,feat_grid,0,1,23,2,0,targ_class2,-190.0,15.0,2.5
25,prac_feat,feat_grid,0,1,16,3,0,targ_class2,-220.0,-88.0,3.12
25,prac_feat,feat_grid,0,1,22,4,0,targ_class2,-321.0,3.0,3.67
25,prac_feat,feat_grid,0,1,8,5,0,targ_class1,-287.0,-206.0,4.51
25,prac_feat,feat_grid,0,1,9,6,0,targ_class1,-189.0,-223.0,4.88
25,prac_feat,feat_grid,0,1,2,7,0,targ_class2,-248.0,-303.0,5.28
25,prac_feat,feat_grid,0,1,18,8,0,targ_class2,-10.0,-109.0,6.17
25,prac_feat,feat_grid,0,1,11,9,0,targ_class1,8.0,-187.0,6.57
25,prac_feat,feat_grid,0,1,3,10,0,targ_class1,-101.0,-362.0,7.26
25,prac_feat,feat_grid,0,1,4,11,0,targ_class1,63.0,-327.0,8.65
25,prac_feat,feat_grid,0,1,12,12,0,targ_class1,111.0,-191.0,9.3
25,prac_feat,feat_grid,0,1,19,13,0,targ_class1,122.0,-136.0,9.68
25,prac_feat,feat_grid,0,1,14,14,0,targ_class2,356.0,-212.0,10.37
25,prac_feat,feat_grid,0,1,28,15,0,targ_class1,324.0,-29.0,10.82
25,prac_feat,feat_grid,0,1,34,16,0,targ_class1,220.0,126.0,11.34
25,prac_feat,feat_grid,0,1,42,17,0,targ_class1,343.0,218.0,11.77
25,prac_feat,feat_grid,0,1,49,18,0,targ_class2,327.0,345.0,12.19
25,prac_feat,feat_grid,0,1,41,19,0,targ_class2,234.0,206.0,12.64
25,prac_feat,feat_grid,0,1,40,20,0,targ_class2,72.0,203.0,13.14
25,prac_feat,feat_grid,0,1,32,21,0,targ_class2,-21.0,89.0,13.79
25,prac_feat,feat_grid,0,1,37,22,0,targ_class1,-217.0,239.0,14.63
25,prac_feat,feat_grid,0,1,43,23,0,targ_class2,-303.0,331.0,15.0
25,prac_feat,feat_grid,0,1,25,24,0,targ_class2,-24.0,21.0,15.97
25,prac_feat,feat_grid,1,1,29,1,0,targ_class2,-351.0,119.0,1.87
25,prac_feat,feat_grid,1,1,43,2,0,targ_class1,-331.0,338.0,2.39
25,prac_feat,feat_grid,1,1,44,3,0,targ_class2,-225.0,316.0,2.77
25,prac_feat,feat_grid,1,1,45,4,0,targ_class1,-122.0,342.0,3.24
25,prac_feat,feat_grid,1,1,47,5,0,targ_class2,133.0,320.0,3.88
25,prac_feat,feat_grid,1,1,49,6,0,targ_class1,317.0,314.0,4.54
25,prac_feat,feat_grid,1,1,39,7,0,targ_class2,24.0,220.0,5.2
25,prac_feat,feat_grid,1,1,38,8,0,targ_class1,-97.0,183.0,5.55
25,prac_feat,feat_grid,1,1,25,9,0,targ_class1,17.0,5.0,6.1
25,prac_feat,feat_grid,1,1,24,10,0,targ_class1,-93.0,-2.0,6.49
25,prac_feat,feat_grid,1,1,23,11,0,targ_class1,-209.0,-16.0,6.92
25,prac_feat,feat_grid,1,1,22,12,0,targ_class1,-358.0,-4.0,7.72
25,prac_feat,feat_grid,1,1,15,13,0,targ_class2,-292.0,-106.0,8.22
25,prac_feat,feat_grid,1,1,8,14,0,targ_class1,-313.0,-204.0,8.62
25,prac_feat,feat_grid,1,1,1,15,0,targ_class2,-291.0,-325.0,9.25
25,prac_feat,feat_grid,1,1,3,16,0,targ_class2,-108.0,-331.0,9.76
25,prac_feat,feat_grid,1,1,4,17,0,targ_class2,4.0,-333.0,10.32
25,prac_feat,feat_grid,1,1,11,18,0,targ_class2,16.0,-229.0,10.87
25,prac_feat,feat_grid,1,1,18,19,0,targ_class1,8.0,-143.0,11.27
25,prac_feat,feat_grid,1,1,12,20,0,targ_class2,93.0,-242.0,11.73
25,prac_feat,feat_grid,1,1,5,21,0,targ_class1,83.0,-326.0,12.05
25,prac_feat,feat_grid,1,1,6,22,0,targ_class2,232.0,-309.0,12.7
25,prac_feat,feat_grid,1,1,13,23,0,targ_class1,216.0,-237.0,13.02
25,prac_feat,feat_grid,1,1,20,24,0,targ_class2,204.0,-126.0,13.37
25,feature_blocks,feat_grid,1,1,43,1,0,targ_class1,-313.0,339.0,1.07
25,feature_blocks,feat_grid,1,1,45,2,0,targ_class2,-116.0,346.0,1.55
25,feature_blocks,feat_grid,1,1,46,3,0,targ_class2,29.0,304.0,2.07
25,feature_blocks,feat_grid,1,1,47,4,0,targ_class2,113.0,317.0,2.47
25,feature_blocks,feat_grid,1,1,40,5,0,targ_class1,106.0,203.0,2.87
25,feature_blocks,feat_grid,1,1,39,6,0,targ_class2,-7.0,220.0,3.27
25,feature_blocks,feat_grid,1,1,32,7,0,targ_class2,-20.0,108.0,3.72
25,feature_blocks,feat_grid,1,1,33,8,0,targ_class2,131.0,146.0,4.27
25,feature_blocks,feat_grid,1,1,26,9,0,targ_class2,119.0,18.0,4.67
25,feature_blocks,feat_grid,1,1,28,10,0,targ_class1,351.0,-3.0,5.24
25,feature_blocks,feat_grid,1,1,21,11,0,targ_class1,342.0,-121.0,5.58
25,feature_blocks,feat_grid,1,1,14,12,0,targ_class1,320.0,-229.0,6.33
25,feature_blocks,feat_grid,1,1,13,13,0,targ_class2,208.0,-219.0,6.75
25,feature_blocks,feat_grid,1,1,12,14,0,targ_class2,139.0,-220.0,7.03
25,feature_blocks,feat_grid,1,1,5,15,0,targ_class1,73.0,-304.0,7.63
25,feature_blocks,feat_grid,1,1,4,16,0,targ_class2,45.0,-357.0,7.88
25,feature_blocks,feat_grid,1,1,11,17,0,targ_class1,-2.0,-210.0,8.48
25,feature_blocks,feat_grid,1,1,18,18,0,targ_class1,23.0,-97.0,8.94
25,feature_blocks,feat_grid,1,1,16,19,0,targ_class2,-185.0,-140.0,9.43
25,feature_blocks,feat_grid,1,1,9,20,0,targ_class1,-210.0,-225.0,9.77
25,feature_blocks,feat_grid,1,1,1,21,0,targ_class2,-297.0,-337.0,10.32
25,feature_blocks,feat_grid,1,1,22,22,0,targ_class1,-334.0,3.0,10.85
25,feature_blocks,feat_grid,1,1,30,23,0,targ_class1,-221.0,93.0,11.25
25,feature_blocks,feat_grid,1,1,37,24,0,targ_class1,-225.0,185.0,11.95
25,feature_blocks,feat_grid,3,1,29,1,0,targ_class2,-313.0,104.0,0.64
25,feature_blocks,feat_grid,3,1,30,2,0,targ_class1,-191.0,126.0,0.92
25,feature_blocks,feat_grid,3,1,44,3,0,targ_class1,-231.0,317.0,1.32
25,feature_blocks,feat_grid,3,1,38,4,0,targ_class2,-115.0,222.0,1.73
25,feature_blocks,feat_grid,3,1,39,5,0,targ_class2,17.0,234.0,2.07
25,feature_blocks,feat_grid,3,1,33,6,0,targ_class2,105.0,122.0,2.49
25,feature_blocks,feat_grid,3,1,41,7,0,targ_class2,223.0,195.0,3.17
25,feature_blocks,feat_grid,3,1,42,8,0,targ_class1,292.0,212.0,3.52
25,feature_blocks,feat_grid,3,1,35,9,0,targ_class1,341.0,117.0,4.37
25,feature_blocks,feat_grid,3,1,28,10,0,targ_class2,321.0,-18.0,4.85
25,feature_blocks,feat_grid,3,1,27,11,0,targ_class1,217.0,2.0,5.3
25,feature_blocks,feat_grid,3,1,26,12,0,targ_class1,147.0,-4.0,5.62
25,feature_blocks,feat_grid,3,1,20,13,0,targ_class1,209.0,-100.0,6.0
25,feature_blocks,feat_grid,3,1,14,14,0,targ_class2,305.0,-208.0,6.62
25,feature_blocks,feat_grid,3,1,12,15,0,targ_class1,105.0,-226.0,7.03
25,feature_blocks,feat_grid,3,1,11,16,0,targ_class2,6.0,-226.0,7.4
25,feature_blocks,feat_grid,3,1,18,17,0,targ_class1,1.0,-129.0,7.73
25,feature_blocks,feat_grid,3,1,24,18,0,targ_class2,-105.0,-35.0,8.22
25,feature_blocks,feat_grid,3,1,10,19,0,targ_class1,-110.0,-201.0,8.65
25,feature_blocks,feat_grid,3,1,9,20,0,targ_class2,-199.0,-215.0,9.02
25,feature_blocks,feat_grid,3,1,2,21,0,targ_class2,-202.0,-336.0,10.15
25,feature_blocks,feat_grid,3,1,3,22,0,targ_class2,-105.0,-305.0,10.68
25,feature_blocks,feat_grid,3,1,1,23,0,targ_class1,-328.0,-316.0,12.02
25,feature_blocks,feat_grid,3,1,22,24,0,targ_class1,-313.0,-23.0,12.47
25,feature_blocks,feat_grid,2,1,43,1,0,targ_class1,-350.0,350.0,1.02
25,feature_blocks,feat_grid,2,1,36,2,0,targ_class1,-342.0,194.0,1.54
25,feature_blocks,feat_grid,2,1,29,3,0,targ_class1,-317.0,65.0,1.9
25,feature_blocks,feat_grid,2,1,37,4,0,targ_class1,-203.0,190.0,2.27
25,feature_blocks,feat_grid,2,1,44,5,0,targ_class1,-217.0,335.0,3.0
25,feature_blocks,feat_grid,2,1,45,6,0,targ_class2,-105.0,307.0,3.57
25,feature_blocks,feat_grid,2,1,38,7,0,targ_class2,-131.0,243.0,3.85
25,feature_blocks,feat_grid,2,1,47,8,0,targ_class2,127.0,343.0,4.39
25,feature_blocks,feat_grid,2,1,49,9,0,targ_class1,317.0,295.0,5.24
25,feature_blocks,feat_grid,2,1,34,10,0,targ_class2,211.0,116.0,5.79
25,feature_blocks,feat_grid,2,1,32,11,0,targ_class1,2.0,133.0,6.29
25,feature_blocks,feat_grid,2,1,25,12,0,targ_class1,11.0,-23.0,6.83
25,feature_blocks,feat_grid,2,1,18,13,0,targ_class2,-7.0,-77.0,7.18
25,feature_blocks,feat_grid,2,1,26,14,0,targ_class2,105.0,-18.0,7.55
25,feature_blocks,feat_grid,2,1,19,15,0,targ_class2,109.0,-113.0,7.95
25,feature_blocks,feat_grid,2,1,27,16,0,targ_class1,209.0,-1.0,8.65
25,feature_blocks,feat_grid,2,1,20,17,0,targ_class1,202.0,-108.0,9.12
25,feature_blocks,feat_grid,2,1,14,18,0,targ_class2,319.0,-195.0,9.77
25,feature_blocks,feat_grid,2,1,13,19,0,targ_class1,227.0,-247.0,10.35
25,feature_blocks,feat_grid,2,1,5,20,0,targ_class2,122.0,-355.0,11.07
25,feature_blocks,feat_grid,2,1,2,21,0,targ_class2,-227.0,-353.0,11.8
25,feature_blocks,feat_grid,2,1,9,22,0,targ_class2,-231.0,-208.0,12.5
25,feature_blocks,feat_grid,2,1,8,23,0,targ_class2,-332.0,-207.0,12.93
25,feature_blocks,feat_grid,2,1,1,24,0,targ_class1,-328.0,-328.0,13.48
25,feature_blocks,feat_grid,0,1,44,1,0,targ_class1,-226.0,312.0,1.14
25,feature_blocks,feat_grid,0,1,29,2,0,targ_class1,-341.0,91.0,1.65
25,feature_blocks,feat_grid,0,1,8,3,0,targ_class2,-301.0,-191.0,2.13
25,feature_blocks,feat_grid,0,1,1,4,0,targ_class1,-344.0,-306.0,2.78
25,feature_blocks,feat_grid,0,1,16,5,0,targ_class2,-201.0,-110.0,3.52
25,feature_blocks,feat_grid,0,1,17,6,0,targ_class1,-120.0,-107.0,3.85
25,feature_blocks,feat_grid,0,1,10,7,0,targ_class2,-90.0,-186.0,4.22
25,feature_blocks,feat_grid,0,1,3,8,0,targ_class1,-117.0,-364.0,4.68
25,feature_blocks,feat_grid,0,1,5,9,0,targ_class2,80.0,-348.0,5.43
25,feature_blocks,feat_grid,0,1,6,10,0,targ_class1,200.0,-320.0,5.88
25,feature_blocks,feat_grid,0,1,12,11,0,targ_class1,94.0,-199.0,6.35
25,feature_blocks,feat_grid,0,1,18,12,0,targ_class1,21.0,-111.0,6.7
25,feature_blocks,feat_grid,0,1,27,13,0,targ_class2,220.0,-6.0,7.18
25,feature_blocks,feat_grid,0,1,28,14,0,targ_class2,333.0,0.0,7.57
25,feature_blocks,feat_grid,0,1,35,15,0,targ_class2,337.0,122.0,8.5
25,feature_blocks,feat_grid,0,1,42,16,0,targ_class1,339.0,205.0,8.85
25,feature_blocks,feat_grid,0,1,48,17,0,targ_class1,225.0,334.0,9.53
25,feature_blocks,feat_grid,0,1,41,18,0,targ_class1,216.0,233.0,9.95
25,feature_blocks,feat_grid,0,1,40,19,0,targ_class1,123.0,233.0,10.29
25,feature_blocks,feat_grid,0,1,46,20,0,targ_class2,-4.0,331.0,10.87
25,feature_blocks,feat_grid,0,1,45,21,0,targ_class2,-106.0,310.0,11.42
25,feature_blocks,feat_grid,0,1,39,22,0,targ_class2,10.0,191.0,12.05
25,feature_blocks,feat_grid,0,1,32,23,0,targ_class2,15.0,112.0,12.35
25,feature_blocks,feat_grid,0,1,31,24,0,targ_class2,-99.0,109.0,12.7
25,feature_blocks,feat_rot,5,1,44,1,0,targ_class2,-380.0,75.0,0.84
25,feature_blocks,feat_rot,5,1,36,2,0,targ_class1,-374.0,-99.0,1.28
25,feature_blocks,feat_rot,5,1,37,3,0,targ_class2,-287.0,-3.0,1.85
25,feature_blocks,feat_rot,5,1,38,4,0,targ_class2,-224.0,38.0,2.12
25,feature_blocks,feat_rot,5,1,46,5,0,targ_class2,-202.0,240.0,2.99
25,feature_blocks,feat_rot,5,1,47,6,0,targ_class2,-159.0,309.0,3.39
25,feature_blocks,feat_rot,5,1,48,7,0,targ_class2,-58.0,398.0,3.85
25,feature_blocks,feat_rot,5,1,40,8,0,targ_class1,-91.0,211.0,4.4
25,feature_blocks,feat_rot,5,1,26,9,0,targ_class2,78.0,60.0,4.89
25,feature_blocks,feat_rot,5,1,25,10,0,targ_class1,-5.0,21.0,5.18
25,feature_blocks,feat_rot,5,1,24,11,0,targ_class1,-57.0,-110.0,5.57
25,feature_blocks,feat_rot,5,1,22,12,0,targ_class2,-195.0,-231.0,6.17
25,feature_blocks,feat_rot,5,1,16,13,0,targ_class1,-67.0,-233.0,6.55
25,feature_blocks,feat_rot,5,1,1,14,0,targ_class1,15.0,-461.0,7.2
25,feature_blocks,feat_rot,5,1,2,15,0,targ_class2,75.0,-378.0,7.55
25,feature_blocks,feat_rot,5,1,10,16,0,targ_class2,74.0,-251.0,7.88
25,feature_blocks,feat_rot,5,1,18,17,0,targ_class1,59.0,-84.0,8.33
25,feature_blocks,feat_rot,5,1,11,18,0,targ_class2,147.0,-153.0,8.82
25,feature_blocks,feat_rot,5,1,4,19,0,targ_class1,183.0,-213.0,9.6
25,feature_blocks,feat_rot,5,1,12,20,0,targ_class1,211.0,-93.0,10.02
25,feature_blocks,feat_rot,5,1,19,21,0,targ_class2,183.0,-14.0,10.38
25,feature_blocks,feat_rot,5,1,5,22,0,targ_class1,311.0,-139.0,11.05
25,feature_blocks,feat_rot,5,1,6,23,0,targ_class1,399.0,-85.0,11.8
25,feature_blocks,feat_rot,5,1,13,24,0,targ_class1,331.0,8.0,12.58
25,feature_blocks,feat_grid,5,1,22,1,0,targ_class1,-315.0,2.0,0.72
25,feature_blocks,feat_grid,5,1,30,2,0,targ_class1,-238.0,60.0,1.09
25,feature_blocks,feat_grid,5,1,23,3,0,targ_class1,-199.0,20.0,1.4
25,feature_blocks,feat_grid,5,1,15,4,0,targ_class2,-300.0,-93.0,1.95
25,feature_blocks,feat_grid,5,1,1,5,0,targ_class1,-306.0,-296.0,2.53
25,feature_blocks,feat_grid,5,1,10,6,0,targ_class1,-138.0,-212.0,3.12
25,feature_blocks,feat_grid,5,1,17,7,0,targ_class1,-126.0,-157.0,3.45
25,feature_blocks,feat_grid,5,1,44,8,0,targ_class2,-216.0,300.0,4.2
25,feature_blocks,feat_grid,5,1,45,9,0,targ_class2,-105.0,346.0,4.62
25,feature_blocks,feat_grid,5,1,39,10,0,targ_class2,0.0,223.0,5.23
25,feature_blocks,feat_grid,5,1,32,11,0,targ_class2,7.0,90.0,5.69
25,feature_blocks,feat_grid,5,1,25,12,0,targ_class2,2.0,6.0,6.02
25,feature_blocks,feat_grid,5,1,26,13,0,targ_class2,98.0,-2.0,6.4
25,feature_blocks,feat_grid,5,1,33,14,0,targ_class2,101.0,124.0,6.83
25,feature_blocks,feat_grid,5,1,40,15,0,targ_class1,134.0,216.0,7.2
25,feature_blocks,feat_grid,5,1,47,16,0,targ_class1,115.0,326.0,7.62
25,feature_blocks,feat_grid,5,1,31,17,0,targ_class1,-91.0,131.0,8.3
25,feature_blocks,feat_grid,5,1,41,18,0,targ_class2,252.0,237.0,9.17
25,feature_blocks,feat_grid,5,1,35,19,0,targ_class1,314.0,122.0,9.59
25,feature_blocks,feat_grid,5,1,20,20,0,targ_class1,219.0,-77.0,10.2
25,feature_blocks,feat_grid,5,1,14,21,0,targ_class2,318.0,-210.0,10.78
25,feature_blocks,feat_grid,5,1,7,22,0,targ_class1,312.0,-337.0,11.28
25,feature_blocks,feat_grid,5,1,6,23,0,targ_class2,222.0,-288.0,11.68
25,feature_blocks,feat_grid,5,1,13,24,0,targ_class2,197.0,-207.0,11.97
25,feature_blocks,feat_rot,1,1,44,1,0,targ_class1,-388.0,75.0,1.07
25,feature_blocks,feat_rot,1,1,37,2,0,targ_class2,-300.0,7.0,1.54
25,feature_blocks,feat_rot,1,1,29,3,0,targ_class2,-313.0,-162.0,1.92
25,feature_blocks,feat_rot,1,1,22,4,0,targ_class1,-230.0,-255.0,2.3
25,feature_blocks,feat_rot,1,1,15,5,0,targ_class1,-166.0,-358.0,2.79
25,feature_blocks,feat_rot,1,1,8,6,0,targ_class1,-63.0,-391.0,3.18
25,feature_blocks,feat_rot,1,1,16,7,0,targ_class2,-91.0,-243.0,3.67
25,feature_blocks,feat_rot,1,1,24,8,0,targ_class1,-95.0,-27.0,4.3
25,feature_blocks,feat_rot,1,1,17,9,0,targ_class1,6.0,-134.0,4.87
25,feature_blocks,feat_rot,1,1,2,10,0,targ_class1,81.0,-383.0,5.46
25,feature_blocks,feat_rot,1,1,3,11,0,targ_class2,161.0,-302.0,5.92
25,feature_blocks,feat_rot,1,1,4,12,0,targ_class1,196.0,-227.0,6.27
25,feature_blocks,feat_rot,1,1,12,13,0,targ_class1,213.0,-83.0,6.65
25,feature_blocks,feat_rot,1,1,5,14,0,targ_class2,318.0,-134.0,7.25
25,feature_blocks,feat_rot,1,1,7,15,0,targ_class2,463.0,-1.0,7.68
25,feature_blocks,feat_rot,1,1,13,16,0,targ_class2,315.0,33.0,8.23
25,feature_blocks,feat_rot,1,1,20,17,0,targ_class1,206.0,103.0,8.57
25,feature_blocks,feat_rot,1,1,27,18,0,targ_class2,160.0,162.0,8.85
25,feature_blocks,feat_rot,1,1,28,19,0,targ_class2,188.0,222.0,9.18
25,feature_blocks,feat_rot,1,1,33,20,0,targ_class1,51.0,148.0,9.62
25,feature_blocks,feat_rot,1,1,26,21,0,targ_class2,75.0,83.0,9.89
25,feature_blocks,feat_rot,1,1,41,22,0,targ_class1,-30.0,277.0,11.24
25,feature_blocks,feat_rot,1,1,46,23,0,targ_class2,-208.0,211.0,11.65
25,feature_blocks,feat_rot,1,1,42,24,0,targ_class2,97.0,348.0,12.34
25,feature_blocks,feat_grid,4,1,23,1,0,targ_class1,-230.0,29.0,0.62
25,feature_blocks,feat_grid,4,1,36,2,0,targ_class1,-330.0,253.0,1.23
25,feature_blocks,feat_grid,4,1,37,3,0,targ_class1,-224.0,205.0,1.69
25,feature_blocks,feat_grid,4,1,45,4,0,targ_class2,-132.0,322.0,2.07
25,feature_blocks,feat_grid,4,1,38,5,0,targ_class2,-105.0,226.0,2.4
25,feature_blocks,feat_grid,4,1,39,6,0,targ_class2,-2.0,240.0,2.77
25,feature_blocks,feat_grid,4,1,40,7,0,targ_class1,105.0,261.0,3.2
25,feature_blocks,feat_grid,4,1,48,8,0,targ_class1,244.0,359.0,3.72
25,feature_blocks,feat_grid,4,1,41,9,0,targ_class1,231.0,237.0,4.12
25,feature_blocks,feat_grid,4,1,34,10,0,targ_class1,227.0,117.0,4.49
25,feature_blocks,feat_grid,4,1,28,11,0,targ_class2,325.0,8.0,5.03
25,feature_blocks,feat_grid,4,1,21,12,0,targ_class2,343.0,-114.0,5.4
25,feature_blocks,feat_grid,4,1,14,13,0,targ_class2,291.0,-181.0,5.75
25,feature_blocks,feat_grid,4,1,13,14,0,targ_class2,192.0,-220.0,6.23
25,feature_blocks,feat_grid,4,1,12,15,0,targ_class1,81.0,-224.0,6.58
25,feature_blocks,feat_grid,4,1,11,16,0,targ_class2,-19.0,-216.0,6.97
25,feature_blocks,feat_grid,4,1,10,17,0,targ_class2,-86.0,-234.0,7.33
25,feature_blocks,feat_grid,4,1,17,18,0,targ_class1,-117.0,-129.0,7.67
25,feature_blocks,feat_grid,4,1,3,19,0,targ_class1,-101.0,-308.0,8.18
25,feature_blocks,feat_grid,4,1,2,20,0,targ_class1,-199.0,-306.0,8.52
25,feature_blocks,feat_grid,4,1,8,21,0,targ_class1,-314.0,-219.0,9.15
25,feature_blocks,feat_grid,4,1,9,22,0,targ_class2,-188.0,-230.0,9.68
25,feature_blocks,feat_grid,4,1,16,23,0,targ_class2,-180.0,-121.0,10.16
25,feature_blocks,feat_grid,4,1,31,24,0,targ_class2,-100.0,90.0,10.65
25,feature_blocks,feat_rot,3,1,44,1,0,targ_class2,-379.0,61.0,0.62
25,feature_blocks,feat_rot,3,1,45,2,0,targ_class1,-344.0,146.0,0.99
25,feature_blocks,feat_rot,3,1,39,3,0,targ_class1,-183.0,174.0,1.59
25,feature_blocks,feat_rot,3,1,48,4,0,targ_class1,-89.0,375.0,2.32
25,feature_blocks,feat_rot,3,1,41,5,0,targ_class1,-34.0,325.0,2.62
25,feature_blocks,feat_rot,3,1,40,6,0,targ_class2,-96.0,248.0,2.95
25,feature_blocks,feat_rot,3,1,33,7,0,targ_class1,3.0,170.0,3.37
25,feature_blocks,feat_rot,3,1,42,8,0,targ_class2,102.0,413.0,4.82
25,feature_blocks,feat_rot,3,1,28,9,0,targ_class2,257.0,258.0,5.37
25,feature_blocks,feat_rot,3,1,27,10,0,targ_class2,160.0,150.0,5.83
25,feature_blocks,feat_rot,3,1,20,11,0,targ_class2,217.0,71.0,6.17
25,feature_blocks,feat_rot,3,1,21,12,0,targ_class2,323.0,158.0,6.57
25,feature_blocks,feat_rot,3,1,13,13,0,targ_class1,306.0,-27.0,7.08
25,feature_blocks,feat_rot,3,1,12,14,0,targ_class1,257.0,-98.0,7.52
25,feature_blocks,feat_rot,3,1,26,15,0,targ_class1,84.0,66.0,8.17
25,feature_blocks,feat_rot,3,1,18,16,0,targ_class1,72.0,-66.0,8.53
25,feature_blocks,feat_rot,3,1,25,17,0,targ_class1,-3.0,6.0,8.92
25,feature_blocks,feat_rot,3,1,24,18,0,targ_class1,-28.0,-56.0,9.18
25,feature_blocks,feat_rot,3,1,31,19,0,targ_class1,-125.0,19.0,9.88
25,feature_blocks,feat_rot,3,1,29,20,0,targ_class2,-329.0,-150.0,10.44
25,feature_blocks,feat_rot,3,1,15,21,0,targ_class2,-140.0,-310.0,11.13
25,feature_blocks,feat_rot,3,1,8,22,0,targ_class2,-78.0,-375.0,11.7
25,feature_blocks,feat_rot,3,1,1,23,0,targ_class2,-8.0,-470.0,12.17
25,feature_blocks,feat_rot,3,1,10,24,0,targ_class2,57.0,-235.0,12.75
25,feature_blocks,feat_rot,2,1,36,1,0,targ_class2,-361.0,-95.0,0.67
25,feature_blocks,feat_rot,2,1,37,2,0,targ_class2,-303.0,-13.0,1.07
25,feature_blocks,feat_rot,2,1,45,3,0,targ_class2,-323.0,163.0,1.64
25,feature_blocks,feat_rot,2,1,47,4,0,targ_class2,-170.0,322.0,2.24
25,feature_blocks,feat_rot,2,1,41,5,0,targ_class2,-11.0,306.0,2.93
25,feature_blocks,feat_rot,2,1,49,6,0,targ_class1,37.0,466.0,3.59
25,feature_blocks,feat_rot,2,1,33,7,0,targ_class2,-9.0,157.0,4.08
25,feature_blocks,feat_rot,2,1,39,8,0,targ_class2,-105.0,161.0,4.45
25,feature_blocks,feat_rot,2,1,32,9,0,targ_class1,-66.0,79.0,4.8
25,feature_blocks,feat_rot,2,1,31,10,0,targ_class1,-146.0,3.0,5.19
25,feature_blocks,feat_rot,2,1,24,11,0,targ_class1,-62.0,-74.0,5.6
25,feature_blocks,feat_rot,2,1,25,12,0,targ_class2,18.0,-20.0,6.47
25,feature_blocks,feat_rot,2,1,23,13,0,targ_class1,-146.0,-144.0,7.1
25,feature_blocks,feat_rot,2,1,16,14,0,targ_class2,-81.0,-212.0,7.45
25,feature_blocks,feat_rot,2,1,15,15,0,targ_class1,-140.0,-286.0,7.9
25,feature_blocks,feat_rot,2,1,8,16,0,targ_class1,-102.0,-348.0,8.18
25,feature_blocks,feat_rot,2,1,1,17,0,targ_class1,40.0,-476.0,8.68
25,feature_blocks,feat_rot,2,1,10,18,0,targ_class2,63.0,-214.0,9.38
25,feature_blocks,feat_rot,2,1,18,19,0,targ_class2,98.0,-81.0,10.07
25,feature_blocks,feat_rot,2,1,19,20,0,targ_class1,166.0,-6.0,10.55
25,feature_blocks,feat_rot,2,1,20,21,0,targ_class1,198.0,93.0,10.87
25,feature_blocks,feat_rot,2,1,12,22,0,targ_class1,232.0,-79.0,11.52
25,feature_blocks,feat_rot,2,1,6,23,0,targ_class1,365.0,-100.0,12.6
25,feature_blocks,feat_rot,2,1,21,24,0,targ_class2,308.0,182.0,13.15
25,feature_blocks,feat_rot,4,1,43,1,0,targ_class2,-449.0,17.0,0.85
25,feature_blocks,feat_rot,4,1,44,2,0,targ_class1,-382.0,73.0,1.17
25,feature_blocks,feat_rot,4,1,37,3,0,targ_class1,-316.0,-15.0,1.6
25,feature_blocks,feat_rot,4,1,29,4,0,targ_class1,-327.0,-168.0,2.13
25,feature_blocks,feat_rot,4,1,30,5,0,targ_class1,-227.0,-93.0,2.67
25,feature_blocks,feat_rot,4,1,22,6,0,targ_class2,-225.0,-217.0,3.32
25,feature_blocks,feat_rot,4,1,8,7,0,targ_class1,-81.0,-356.0,3.88
25,feature_blocks,feat_rot,4,1,9,8,0,targ_class2,28.0,-299.0,4.38
25,feature_blocks,feat_rot,4,1,10,9,0,targ_class2,79.0,-245.0,4.68
25,feature_blocks,feat_rot,4,1,3,10,0,targ_class2,159.0,-318.0,5.08
25,feature_blocks,feat_rot,4,1,11,11,0,targ_class2,138.0,-141.0,5.75
25,feature_blocks,feat_rot,4,1,18,12,0,targ_class2,67.0,-78.0,6.13
25,feature_blocks,feat_rot,4,1,19,13,0,targ_class1,131.0,12.0,6.53
25,feature_blocks,feat_rot,4,1,20,14,0,targ_class2,206.0,56.0,6.9
25,feature_blocks,feat_rot,4,1,7,15,0,targ_class1,460.0,-2.0,7.5
25,feature_blocks,feat_rot,4,1,14,16,0,targ_class1,385.0,97.0,8.02
25,feature_blocks,feat_rot,4,1,21,17,0,targ_class1,303.0,147.0,8.4
25,feature_blocks,feat_rot,4,1,28,18,0,targ_class2,228.0,228.0,8.83
25,feature_blocks,feat_rot,4,1,26,19,0,targ_class1,56.0,94.0,9.49
25,feature_blocks,feat_rot,4,1,34,20,0,targ_class1,92.0,239.0,10.09
25,feature_blocks,feat_rot,4,1,42,21,0,targ_class1,68.0,399.0,10.55
25,feature_blocks,feat_rot,4,1,47,22,0,targ_class2,-162.0,293.0,11.27
25,feature_blocks,feat_rot,4,1,46,23,0,targ_class2,-182.0,224.0,11.6
25,feature_blocks,feat_rot,4,1,38,24,0,targ_class2,-239.0,96.0,12.42
25,feature_blocks,feat_rot,0,1,45,1,0,targ_class2,-326.0,147.0,0.98
25,feature_blocks,feat_rot,0,1,36,2,0,targ_class1,-353.0,-77.0,1.47
25,feature_blocks,feat_rot,0,1,23,3,0,targ_class2,-133.0,-170.0,2.14
25,feature_blocks,feat_rot,0,1,15,4,0,targ_class2,-168.0,-329.0,2.83
25,feature_blocks,feat_rot,0,1,1,5,0,targ_class2,-10.0,-441.0,3.38
25,feature_blocks,feat_rot,0,1,2,6,0,targ_class2,88.0,-389.0,3.77
25,feature_blocks,feat_rot,0,1,3,7,0,targ_class2,152.0,-324.0,4.12
25,feature_blocks,feat_rot,0,1,10,8,0,targ_class2,90.0,-225.0,4.57
25,feature_blocks,feat_rot,0,1,17,9,0,targ_class2,6.0,-127.0,4.93
25,feature_blocks,feat_rot,0,1,24,10,0,targ_class1,-71.0,-92.0,5.38
25,feature_blocks,feat_rot,0,1,11,11,0,targ_class2,170.0,-141.0,5.92
25,feature_blocks,feat_rot,0,1,4,12,0,targ_class2,223.0,-227.0,6.32
25,feature_blocks,feat_rot,0,1,13,13,0,targ_class1,310.0,-25.0,6.87
25,feature_blocks,feat_rot,0,1,7,14,0,targ_class1,426.0,12.0,7.33
25,feature_blocks,feat_rot,0,1,14,15,0,targ_class1,378.0,88.0,8.02
25,feature_blocks,feat_rot,0,1,19,16,0,targ_class2,172.0,1.0,8.62
25,feature_blocks,feat_rot,0,1,28,17,0,targ_class1,211.0,229.0,9.19
25,feature_blocks,feat_rot,0,1,35,18,0,targ_class1,129.0,318.0,9.62
25,feature_blocks,feat_rot,0,1,41,19,0,targ_class1,21.0,299.0,10.7
25,feature_blocks,feat_rot,0,1,34,20,0,targ_class1,71.0,236.0,11.03
25,feature_blocks,feat_rot,0,1,33,21,0,targ_class1,-3.0,148.0,11.63
25,feature_blocks,feat_rot,0,1,47,22,0,targ_class1,-159.0,304.0,12.12
25,feature_blocks,feat_rot,0,1,48,23,0,targ_class2,-95.0,366.0,12.57
25,feature_blocks,feat_rot,0,1,49,24,0,targ_class1,7.0,485.0,12.97
